date,preco_cafe,cambio_brl
2018-12-31,101.8499984741211,3.8742001056671143
2019-01-02,99.5,3.8798999786376953
2019-01-03,102.1500015258789,3.78629994392395
2019-01-04,101.5999984741211,3.7551000118255615
2019-01-07,102.75,3.6612000465393066
2019-01-08,105.05000305175781,3.734100103378296
2019-01-09,105.30000305175781,3.712399959564209
2019-01-10,104.25,3.680000066757202
2019-01-11,103.8499984741211,3.707900047302246
2019-01-14,102.75,3.659600019454956
2019-01-15,101.30000305175781,3.697499990463257
2019-01-16,102.4000015258789,3.716399908065796
2019-01-17,102.4000015258789,3.734299898147583
2019-01-18,104.94999694824219,3.7488999366760254
2019-01-22,103.3499984741211,3.7513999938964844
2019-01-23,103.4000015258789,3.812000036239624
2019-01-24,105.30000305175781,3.7623000144958496
2019-01-25,106.80000305175781,3.7697999477386475
2019-01-28,102.6500015258789,3.7695999145507812
2019-01-29,102.5999984741211,3.7595999240875244
2019-01-30,102.0999984741211,3.7184998989105225
2019-01-31,105.9000015258789,3.6814000606536865
2019-02-01,103.69999694824219,3.6428000926971436
2019-02-04,105.5999984741211,3.6572999954223633
2019-02-05,104.8499984741211,3.6670000553131104
2019-02-06,105.5,3.668299913406372
2019-02-07,104.30000305175781,3.694700002670288
2019-02-08,102.5999984741211,3.714900016784668
2019-02-11,100.19999694824219,3.728600025177002
2019-02-12,100.44999694824219,3.755199909210205
2019-02-13,98.9000015258789,3.7079999446868896
2019-02-14,97.8499984741211,3.753200054168701
2019-02-15,97.94999694824219,3.7219998836517334
2019-02-19,97.19999694824219,3.7316999435424805
2019-02-20,97.55000305175781,3.7219998836517334
2019-02-21,96.0999984741211,3.7239999771118164
2019-02-22,96.44999694824219,3.7664999961853027
2019-02-25,96.4000015258789,3.746299982070923
2019-02-26,93.55000305175781,3.7504000663757324
2019-02-27,95.69999694824219,3.7471001148223877
2019-02-28,95.19999694824219,3.727299928665161
2019-03-01,96.94999694824219,3.747499942779541
2019-03-04,94.0999984741211,3.721400022506714
2019-03-05,96.44999694824219,3.7741000652313232
2019-03-06,95.5,3.774399995803833
2019-03-07,93.6500015258789,3.8368000984191895
2019-03-08,95.30000305175781,3.86929988861084
2019-03-11,94.0,3.8134000301361084
2019-03-12,92.80000305175781,3.8373000621795654
2019-03-13,94.44999694824219,3.8115999698638916
2019-03-14,93.94999694824219,3.8132998943328857
2019-03-15,94.5999984741211,3.8405001163482666
2019-03-18,93.6500015258789,3.812999963760376
2019-03-19,93.44999694824219,3.7899999618530273
2019-03-20,94.75,3.7876999378204346
2019-03-21,94.80000305175781,3.774199962615967
2019-03-22,93.9000015258789,3.7909998893737793
2019-03-25,94.25,3.9059998989105225
2019-03-26,95.3499984741211,3.853600025177002
2019-03-27,93.8499984741211,3.875
2019-03-28,94.0,3.9881999492645264
2019-03-29,94.5,3.897700071334839
2019-04-01,92.0999984741211,3.922499895095825
2019-04-02,91.6500015258789,3.8485000133514404
2019-04-03,95.3499984741211,3.852299928665161
2019-04-04,95.30000305175781,3.868299961090088
2019-04-05,93.19999694824219,3.8559000492095947
2019-04-08,92.94999694824219,3.874000072479248
2019-04-09,93.6500015258789,3.8482000827789307
2019-04-10,94.25,3.8480000495910645
2019-04-11,90.25,3.8239998817443848
2019-04-12,90.4000015258789,3.855799913406372
2019-04-15,91.4000015258789,3.8803000450134277
2019-04-16,90.5,3.8703999519348145
2019-04-17,87.05000305175781,3.9038000106811523
2019-04-18,90.19999694824219,3.9367001056671143
2019-04-22,91.0999984741211,3.934499979019165
2019-04-23,91.5,3.9340999126434326
2019-04-24,90.44999694824219,3.918299913406372
2019-04-25,92.05000305175781,3.9895999431610107
2019-04-26,92.69999694824219,3.952699899673462
2019-04-29,91.3499984741211,3.9291999340057373
2019-04-30,91.8499984741211,3.9442999362945557
2019-05-01,89.80000305175781,3.9168999195098877
2019-05-02,90.25,3.919300079345703
2019-05-03,89.25,3.966200113296509
2019-05-06,88.80000305175781,3.9365999698638916
2019-05-07,86.6500015258789,3.9681999683380127
2019-05-08,87.19999694824219,3.9686999320983887
2019-05-09,89.5,3.926300048828125
2019-05-10,89.44999694824219,3.9453999996185303
2019-05-13,88.25,3.959700107574463
2019-05-14,89.55000305175781,3.990499973297119
2019-05-15,89.9000015258789,3.975100040435791
2019-05-16,90.0,3.9999001026153564
2019-05-17,87.3499984741211,4.046199798583984
2019-05-20,88.25,4.097400188446045
2019-05-21,92.9000015258789,4.094900131225586
2019-05-22,91.75,4.094900131225586
2019-05-23,93.5,4.036799907684326
2019-05-24,93.30000305175781,4.038700103759766
2019-05-28,96.05000305175781,4.042099952697754
2019-05-29,99.5,4.023600101470947
2019-05-30,102.3499984741211,3.973400115966797
2019-05-31,104.5999984741211,3.9800000190734863
2019-06-03,103.75,3.9242000579833984
2019-06-04,105.6500015258789,3.8840999603271484
2019-06-05,99.0999984741211,3.853600025177002
2019-06-06,102.05000305175781,3.8794000148773193
2019-06-07,100.94999694824219,3.8784000873565674
2019-06-10,98.5999984741211,3.876499891281128
2019-06-11,97.0,3.884500026702881
2019-06-12,99.05000305175781,3.85509991645813
2019-06-13,97.3499984741211,3.8659000396728516
2019-06-14,96.0,3.8482000827789307
2019-06-17,96.05000305175781,3.8945000171661377
2019-06-18,94.30000305175781,3.88700008392334
2019-06-19,96.25,3.859499931335449
2019-06-20,101.05000305175781,3.835400104522705
2019-06-21,99.80000305175781,3.8376998901367188
2019-06-24,102.0,3.820499897003174
2019-06-25,106.44999694824219,3.8255999088287354
2019-06-26,104.9000015258789,3.8454999923706055
2019-06-27,105.55000305175781,3.842900037765503
2019-06-28,108.25,3.815999984741211
2019-07-01,110.1500015258789,3.8494999408721924
2019-07-02,108.25,3.839600086212158
2019-07-03,112.25,3.843899965286255
2019-07-05,109.44999694824219,3.800800085067749
2019-07-08,104.75,3.8190999031066895
2019-07-09,105.9000015258789,3.799099922180176
2019-07-10,104.3499984741211,3.7990000247955322
2019-07-11,105.5,3.7502999305725098
2019-07-12,105.19999694824219,3.7548000812530518
2019-07-15,108.80000305175781,3.7344000339508057
2019-07-16,104.0999984741211,3.753700017929077
2019-07-17,105.94999694824219,3.767199993133545
2019-07-18,107.1500015258789,3.7618000507354736
2019-07-19,105.8499984741211,3.717400074005127
2019-07-22,105.0999984741211,3.7458999156951904
2019-07-23,102.30000305175781,3.739799976348877
2019-07-24,101.0,3.77239990234375
2019-07-25,100.6500015258789,3.7713000774383545
2019-07-26,99.75,3.7751998901367188
2019-07-29,101.1500015258789,3.7734999656677246
2019-07-30,99.5,3.780100107192993
2019-07-31,99.6500015258789,3.789299964904785
2019-08-01,97.25,3.8117001056671143
2019-08-02,98.1500015258789,3.8373000621795654
2019-08-05,95.6500015258789,3.8838999271392822
2019-08-06,97.05000305175781,3.973099946975708
2019-08-07,96.9000015258789,3.958699941635132
2019-08-08,97.4000015258789,3.967400074005127
2019-08-09,97.30000305175781,3.91759991645813
2019-08-12,93.75,3.940200090408325
2019-08-13,96.3499984741211,3.9839000701904297
2019-08-14,94.44999694824219,3.962399959564209
2019-08-15,94.55000305175781,4.050300121307373
2019-08-16,92.8499984741211,3.9900999069213867
2019-08-19,91.1500015258789,4.0046000480651855
2019-08-20,91.44999694824219,4.073200225830078
2019-08-21,92.8499984741211,4.051700115203857
2019-08-22,93.5,4.02400016784668
2019-08-23,92.5999984741211,4.067999839782715
2019-08-26,94.1500015258789,4.126200199127197
2019-08-27,93.80000305175781,4.151500225067139
2019-08-28,94.19999694824219,4.122799873352051
2019-08-29,91.9000015258789,4.167699813842773
2019-08-30,93.5999984741211,4.168099880218506
2019-09-03,92.3499984741211,4.1844000816345215
2019-09-04,93.4000015258789,4.16510009765625
2019-09-05,92.19999694824219,4.093200206756592
2019-09-06,93.8499984741211,4.105999946594238
2019-09-09,95.0,4.061299800872803
2019-09-10,98.3499984741211,4.093400001525879
2019-09-11,100.1500015258789,4.079500198364258
2019-09-12,100.3499984741211,4.064199924468994
2019-09-13,99.5,4.058899879455566
2019-09-16,100.80000305175781,4.0854997634887695
2019-09-17,96.8499984741211,4.0792999267578125
2019-09-18,96.8499984741211,4.076000213623047
2019-09-19,98.3499984741211,4.1072998046875
2019-09-20,98.4000015258789,4.166600227355957
2019-09-23,99.0,4.1483001708984375
2019-09-24,99.1500015258789,4.161499977111816
2019-09-25,100.94999694824219,4.1616997718811035
2019-09-26,100.8499984741211,4.14709997177124
2019-09-27,100.9000015258789,4.1691999435424805
2019-09-30,101.1500015258789,4.157100200653076
2019-10-01,101.3499984741211,4.154799938201904
2019-10-02,100.5999984741211,4.154600143432617
2019-10-03,102.05000305175781,4.1244001388549805
2019-10-04,99.0,4.082900047302246
2019-10-07,97.0,4.054599761962891
2019-10-08,95.69999694824219,4.105100154876709
2019-10-09,95.44999694824219,4.09089994430542
2019-10-10,93.5,4.10830020904541
2019-10-11,93.69999694824219,4.108399868011475
2019-10-14,94.8499984741211,4.108500003814697
2019-10-15,94.44999694824219,4.123700141906738
2019-10-16,93.55000305175781,4.178599834442139
2019-10-17,92.9000015258789,4.148600101470947
2019-10-18,95.69999694824219,4.161099910736084
2019-10-21,96.3499984741211,4.111100196838379
2019-10-22,98.9000015258789,4.1247639656066895
2019-10-23,97.75,4.078400135040283
2019-10-24,96.44999694824219,4.033100128173828
2019-10-25,99.44999694824219,4.039299964904785
2019-10-28,100.5,4.002900123596191
2019-10-29,98.94999694824219,3.988800048828125
2019-10-30,99.3499984741211,3.9967000484466553
2019-10-31,101.94999694824219,3.9862000942230225
2019-11-01,104.0,4.015999794006348
2019-11-04,103.6500015258789,3.9893999099731445
2019-11-05,105.80000305175781,4.010799884796143
2019-11-06,108.0,3.992000102996826
2019-11-07,109.0999984741211,4.082300186157227
2019-11-08,109.44999694824219,4.0995001792907715
2019-11-11,106.0,4.133399963378906
2019-11-12,105.5999984741211,4.151299953460693
2019-11-13,107.94999694824219,4.167900085449219
2019-11-14,108.05000305175781,4.168600082397461
2019-11-15,106.1500015258789,4.194300174713135
2019-11-18,105.55000305175781,4.194799900054932
2019-11-19,102.69999694824219,4.216400146484375
2019-11-20,109.69999694824219,4.191699981689453
2019-11-21,115.25,4.195000171661377
2019-11-22,114.5999984741211,4.191699981689453
2019-11-25,117.80000305175781,4.195000171661377
2019-11-26,115.69999694824219,4.225399971008301
2019-11-27,117.30000305175781,4.231800079345703
2019-11-29,118.55000305175781,4.188000202178955
2019-12-02,121.5,4.236100196838379
2019-12-03,122.8499984741211,4.222300052642822
2019-12-04,120.5999984741211,4.203999996185303
2019-12-05,123.94999694824219,4.206099987030029
2019-12-06,123.69999694824219,4.184599876403809
2019-12-09,127.30000305175781,4.118899822235107
2019-12-10,132.0500030517578,4.14109992980957
2019-12-11,133.85000610351562,4.144599914550781
2019-12-12,135.89999389648438,4.123700141906738
2019-12-13,129.4499969482422,4.087247848510742
2019-12-16,135.8000030517578,4.0858001708984375
2019-12-17,132.1999969482422,4.0619001388549805
2019-12-18,131.6999969482422,4.070199966430664
2019-12-19,127.19999694824219,4.059662818908691
2019-12-20,130.6999969482422,4.06879997253418
2019-12-23,125.30000305175781,4.079899787902832
2019-12-24,129.39999389648438,4.081999778747559
2019-12-26,127.30000305175781,4.083000183105469
2019-12-27,132.5,4.054699897766113
2019-12-30,132.14999389648438,4.022299766540527
2019-12-31,129.6999969482422,4.015710830688477
2020-01-02,127.0999984741211,4.016300201416016
2020-01-03,126.3499984741211,4.023399829864502
2020-01-06,122.1500015258789,4.057000160217285
2020-01-07,122.4000015258789,4.060400009155273
2020-01-08,119.1500015258789,4.066199779510498
2020-01-09,117.3499984741211,4.06279993057251
2020-01-10,118.94999694824219,4.092100143432617
2020-01-13,114.55000305175781,4.070499897003174
2020-01-14,114.9000015258789,4.1458001136779785
2020-01-15,114.30000305175781,4.13129997253418
2020-01-16,112.94999694824219,4.174200057983398
2020-01-17,112.1500015258789,4.183599948883057
2020-01-21,111.05000305175781,4.188499927520752
2020-01-22,111.0,4.210899829864502
2020-01-23,112.5999984741211,4.181300163269043
2020-01-24,110.1500015258789,4.169099807739258
2020-01-27,106.5999984741211,4.1595001220703125
2020-01-28,105.05000305175781,4.206099987030029
2020-01-29,102.05000305175781,4.193399906158447
2020-01-30,101.5,4.228899955749512
2020-01-31,102.6500015258789,4.242199897766113
2020-02-03,97.9000015258789,4.282599925994873
2020-02-04,98.1500015258789,4.246799945831299
2020-02-05,97.75,4.253699779510498
2020-02-06,98.1500015258789,4.23360013961792
2020-02-07,98.3499984741211,4.280799865722656
2020-02-10,100.30000305175781,4.320400238037109
2020-02-11,100.5,4.320974826812744
2020-02-12,100.6500015258789,4.327530860900879
2020-02-13,104.44999694824219,4.354499816894531
2020-02-14,109.0999984741211,4.346766948699951
2020-02-18,106.55000305175781,4.326499938964844
2020-02-19,106.80000305175781,4.354800224304199
2020-02-20,103.5999984741211,4.363999843597412
2020-02-21,108.8499984741211,4.392300128936768
2020-02-24,105.9000015258789,4.389800071716309
2020-02-25,107.0999984741211,4.386600017547607
2020-02-26,109.0999984741211,4.3867998123168945
2020-02-27,108.19999694824219,4.449100017547607
2020-02-28,110.0999984741211,4.484799861907959
2020-03-02,114.6500015258789,4.441299915313721
2020-03-03,121.05000305175781,4.472400188446045
2020-03-04,117.1500015258789,4.513199806213379
2020-03-05,109.8499984741211,4.583399772644043
2020-03-06,105.5999984741211,4.606200218200684
2020-03-09,108.94999694824219,4.589799880981445
2020-03-10,114.25,4.722899913787842
2020-03-11,111.55000305175781,4.642099857330322
2020-03-12,109.1500015258789,4.813799858093262
2020-03-13,107.05000305175781,4.790200233459473
2020-03-16,103.9000015258789,4.85260009765625
2020-03-17,102.9000015258789,4.999000072479248
2020-03-18,108.05000305175781,5.009699821472168
2020-03-19,116.6500015258789,5.103961944580078
2020-03-20,119.69999694824219,5.094200134277344
2020-03-23,121.25,5.045499801635742
2020-03-24,125.5999984741211,5.14169979095459
2020-03-25,129.9499969482422,5.098100185394287
2020-03-26,124.6500015258789,5.033699989318848
2020-03-27,115.8499984741211,5.022600173950195
2020-03-30,119.30000305175781,5.104629039764404
2020-03-31,119.55000305175781,5.192699909210205
2020-04-01,116.0,5.203499794006348
2020-04-02,119.3499984741211,5.248199939727783
2020-04-03,114.9000015258789,5.255300045013428
2020-04-06,116.6500015258789,5.348499774932861
2020-04-07,119.9000015258789,5.285299777984619
2020-04-08,119.80000305175781,5.221700191497803
2020-04-09,118.5999984741211,5.123499870300293
2020-04-13,119.75,5.105500221252441
2020-04-14,117.19999694824219,5.198500156402588
2020-04-15,120.19999694824219,5.1620001792907715
2020-04-16,118.5999984741211,5.236999988555908
2020-04-17,116.05000305175781,5.230899810791016
2020-04-20,113.6500015258789,5.232699871063232
2020-04-21,109.6500015258789,5.315400123596191
2020-04-22,110.5999984741211,5.315000057220459
2020-04-23,111.05000305175781,5.456900119781494
2020-04-24,105.19999694824219,5.533100128173828
2020-04-27,104.5999984741211,5.5725998878479
2020-04-28,105.69999694824219,5.652599811553955
2020-04-29,103.6500015258789,5.497399806976318
2020-04-30,104.6500015258789,5.334799766540527
2020-05-01,104.44999694824219,5.486000061035156
2020-05-04,105.55000305175781,5.4770002365112305
2020-05-05,108.8499984741211,5.540599822998047
2020-05-06,109.3499984741211,5.578100204467773
2020-05-07,107.44999694824219,5.715199947357178
2020-05-08,110.0999984741211,5.828719139099121
2020-05-11,108.94999694824219,5.4770002365112305
2020-05-12,105.5999984741211,5.8171000480651855
2020-05-13,103.55000305175781,5.884799957275391
2020-05-14,104.9000015258789,5.88640022277832
2020-05-15,104.80000305175781,5.8094000816345215
2020-05-18,105.69999694824219,5.855199813842773
2020-05-19,107.05000305175781,5.718999862670898
2020-05-20,105.6500015258789,5.755199909210205
2020-05-21,104.75,5.690499782562256
2020-05-22,103.5999984741211,5.5524001121521
2020-05-26,105.0999984741211,5.443399906158447
2020-05-27,102.5,5.343999862670898
2020-05-28,99.0999984741211,5.27269983291626
2020-05-29,96.30000305175781,5.403600215911865
2020-06-01,98.30000305175781,5.334799766540527
2020-06-02,98.19999694824219,5.366499900817871
2020-06-03,99.0999984741211,5.1992998123168945
2020-06-04,98.1500015258789,5.061600208282471
2020-06-05,98.9000015258789,5.117199897766113
2020-06-08,98.9000015258789,4.959499835968018
2020-06-09,97.80000305175781,4.821599960327148
2020-06-10,96.75,4.898399829864502
2020-06-11,96.0,4.9721999168396
2020-06-12,95.19999694824219,4.974999904632568
2020-06-15,94.0,5.047800064086914
2020-06-16,93.6500015258789,5.153206825256348
2020-06-17,96.25,5.243599891662598
2020-06-18,94.5999984741211,5.22790002822876
2020-06-19,93.75,5.377200126647949
2020-06-22,95.94999694824219,5.309999942779541
2020-06-23,96.25,5.2519001960754395
2020-06-24,96.6500015258789,5.151000022888184
2020-06-25,94.8499984741211,5.34660005569458
2020-06-26,95.6500015258789,5.359499931335449
2020-06-29,98.6500015258789,5.480899810791016
2020-06-30,100.05000305175781,5.402100086212158
2020-07-01,103.05000305175781,5.461699962615967
2020-07-02,102.25,5.316199779510498
2020-07-06,97.19999694824219,5.311399936676025
2020-07-07,99.25,5.354300022125244
2020-07-08,98.94999694824219,5.377799987792969
2020-07-09,97.69999694824219,5.342599868774414
2020-07-10,96.1500015258789,5.337800025939941
2020-07-13,97.4000015258789,5.326900005340576
2020-07-14,96.69999694824219,5.401500225067139
2020-07-15,95.94999694824219,5.366799831390381
2020-07-16,97.0999984741211,5.366948127746582
2020-07-17,101.05000305175781,5.330699920654297
2020-07-20,98.5,5.385300159454346
2020-07-21,100.5,5.327700138092041
2020-07-22,108.3499984741211,5.1697998046875
2020-07-23,107.5,5.118100166320801
2020-07-24,108.4000015258789,5.210599899291992
2020-07-27,110.4000015258789,5.229100227355957
2020-07-28,109.6500015258789,5.141421794891357
2020-07-29,111.5999984741211,5.152299880981445
2020-07-30,115.3499984741211,5.168799877166748
2020-07-31,118.94999694824219,5.153900146484375
2020-08-03,117.9000015258789,5.221199989318848
2020-08-04,121.05000305175781,5.318699836730957
2020-08-05,121.55000305175781,5.290200233459473
2020-08-06,117.0,5.290900230407715
2020-08-07,115.44999694824219,5.331299781799316
2020-08-10,112.5999984741211,5.43720006942749
2020-08-11,111.3499984741211,5.480500221252441
2020-08-12,112.05000305175781,5.38040018081665
2020-08-13,116.19999694824219,5.434999942779541
2020-08-14,114.69999694824219,5.367000102996826
2020-08-17,115.55000305175781,5.42080020904541
2020-08-18,119.30000305175781,5.508299827575684
2020-08-19,118.44999694824219,5.465400218963623
2020-08-20,118.55000305175781,5.556399822235107
2020-08-21,120.0999984741211,5.5559000968933105
2020-08-24,120.25,5.618599891662598
2020-08-25,123.19999694824219,5.610599994659424
2020-08-26,122.80000305175781,5.507400035858154
2020-08-27,122.94999694824219,5.6072001457214355
2020-08-28,127.0999984741211,5.568699836730957
2020-08-31,129.8000030517578,5.389999866485596
2020-09-01,131.89999389648438,5.490900039672852
2020-09-02,131.5,5.397299766540527
2020-09-03,131.60000610351562,5.338699817657471
2020-09-04,134.8000030517578,5.289899826049805
2020-09-08,132.8000030517578,5.298299789428711
2020-09-09,129.64999389648438,5.360599994659424
2020-09-10,132.5,5.308499813079834
2020-09-11,133.35000610351562,5.320499897003174
2020-09-14,123.55000305175781,5.316199779510498
2020-09-15,122.19999694824219,5.2683000564575195
2020-09-16,120.55000305175781,5.2743000984191895
2020-09-17,118.0999984741211,5.236000061035156
2020-09-18,113.5999984741211,5.237800121307373
2020-09-21,112.0,5.389800071716309
2020-09-22,110.6500015258789,5.412600040435791
2020-09-23,110.5,5.469900131225586
2020-09-24,111.1500015258789,5.592400074005127
2020-09-25,113.6500015258789,5.508399963378906
2020-09-28,109.55000305175781,5.561100006103516
2020-09-29,109.55000305175781,5.660200119018555
2020-09-30,110.94999694824219,5.630499839782715
2020-10-01,107.05000305175781,5.608399868011475
2020-10-02,108.94999694824219,5.642000198364258
2020-10-05,107.19999694824219,5.681600093841553
2020-10-06,107.6500015258789,5.573400020599365
2020-10-07,109.5999984741211,5.593800067901611
2020-10-08,110.25,5.611299991607666
2020-10-09,111.55000305175781,5.598599910736084
2020-10-12,109.1500015258789,5.5289998054504395
2020-10-13,110.0999984741211,5.529699802398682
2020-10-14,109.5999984741211,5.56850004196167
2020-10-15,109.5,5.5904998779296875
2020-10-16,107.25,5.611199855804443
2020-10-19,106.05000305175781,5.644800186157227
2020-10-20,104.9000015258789,5.605599880218506
2020-10-21,104.1500015258789,5.6041998863220215
2020-10-22,106.69999694824219,5.607800006866455
2020-10-23,105.5999984741211,5.591300010681152
2020-10-26,106.6500015258789,5.616199970245361
2020-10-27,106.94999694824219,5.622700214385986
2020-10-28,105.0,5.7052001953125
2020-10-29,104.5999984741211,5.744900226593018
2020-10-30,104.4000015258789,5.7778000831604
2020-11-02,102.80000305175781,5.741399765014648
2020-11-03,103.44999694824219,5.741099834442139
2020-11-04,103.0,5.754899978637695
2020-11-05,105.94999694824219,5.663000106811523
2020-11-06,106.94999694824219,5.523399829864502
2020-11-09,106.8499984741211,5.36269998550415
2020-11-10,107.30000305175781,5.384699821472168
2020-11-11,109.0999984741211,5.413899898529053
2020-11-12,110.0999984741211,5.389999866485596
2020-11-13,109.25,5.456699848175049
2020-11-16,115.6500015258789,5.456999778747559
2020-11-17,116.19999694824219,5.414899826049805
2020-11-18,119.75,5.327199935913086
2020-11-19,120.6500015258789,5.361700057983398
2020-11-20,115.5,5.304500102996826
2020-11-23,114.44999694824219,5.3780999183654785
2020-11-24,113.1500015258789,5.4405999183654785
2020-11-25,114.5,5.372600078582764
2020-11-27,121.69999694824219,5.335299968719482
2020-11-30,120.69999694824219,5.34250020980835
2020-12-01,115.6500015258789,5.331099987030029
2020-12-02,116.8499984741211,5.204899787902832
2020-12-03,117.6500015258789,5.216300010681152
2020-12-04,115.3499984741211,5.151000022888184
2020-12-07,116.94999694824219,5.154399871826172
2020-12-08,117.0999984741211,5.098299980163574
2020-12-09,114.9000015258789,5.119699954986572
2020-12-10,118.55000305175781,5.1697001457214355
2020-12-11,119.0999984741211,5.024199962615967
2020-12-14,123.55000305175781,5.064199924468994
2020-12-15,123.0999984741211,5.117700099945068
2020-12-16,125.05000305175781,5.078884124755859
2020-12-17,125.05000305175781,5.083199977874756
2020-12-18,123.69999694824219,5.0569000244140625
2020-12-21,124.30000305175781,5.100599765777588
2020-12-22,124.19999694824219,5.118937969207764
2020-12-23,124.55000305175781,5.1566548347473145
2020-12-24,125.94999694824219,5.2153000831604
2020-12-28,123.3499984741211,5.2153000831604
2020-12-29,125.4000015258789,5.2459001541137695
2020-12-30,125.4000015258789,5.208600044250488
2020-12-31,128.25,5.190838813781738
2021-01-04,126.1500015258789,5.19189977645874
2021-01-05,125.0999984741211,5.295300006866455
2021-01-06,120.9000015258789,5.28410005569458
2021-01-07,121.0999984741211,5.312900066375732
2021-01-08,123.69999694824219,5.40880012512207
2021-01-11,121.44999694824219,5.4121880531311035
2021-01-12,121.4000015258789,5.48769998550415
2021-01-13,125.25,5.321400165557861
2021-01-14,127.3499984741211,5.297500133514404
2021-01-15,128.14999389648438,5.195799827575684
2021-01-19,127.1500015258789,5.2947998046875
2021-01-20,125.19999694824219,5.3566999435424805
2021-01-21,126.44999694824219,5.290500164031982
2021-01-22,124.05000305175781,5.3495001792907715
2021-01-25,123.25,5.4654998779296875
2021-01-26,124.5,5.4654998779296875
2021-01-27,125.5,5.353799819946289
2021-01-28,124.0,5.412600040435791
2021-01-29,122.94999694824219,5.437989234924316
2021-02-01,125.3499984741211,5.4608001708984375
2021-02-02,123.4000015258789,5.430500030517578
2021-02-03,123.94999694824219,5.3668999671936035
2021-02-04,124.05000305175781,5.3520002365112305
2021-02-05,124.5,5.4257001876831055
2021-02-08,124.0999984741211,5.369200229644775
2021-02-09,122.94999694824219,5.364299774169922
2021-02-10,121.0999984741211,5.376699924468994
2021-02-11,121.19999694824219,5.384900093078613
2021-02-12,121.1500015258789,5.3653998374938965
2021-02-16,124.3499984741211,5.368000030517578
2021-02-17,125.69999694824219,5.3694000244140625
2021-02-18,127.5999984741211,5.409800052642822
2021-02-19,127.5,5.42579984664917
2021-02-22,133.4499969482422,5.38070011138916
2021-02-23,136.85000610351562,5.463399887084961
2021-02-24,135.64999389648438,5.439599990844727
2021-02-25,139.1999969482422,5.402964115142822
2021-02-26,136.85000610351562,5.528025150299072
2021-03-01,135.14999389648438,5.597599983215332
2021-03-02,133.1999969482422,5.640699863433838
2021-03-03,131.14999389648438,5.675099849700928
2021-03-04,128.39999389648438,5.617499828338623
2021-03-05,128.75,5.668300151824951
2021-03-08,129.0500030517578,5.689499855041504
2021-03-09,128.89999389648438,5.874599933624268
2021-03-10,129.35000610351562,5.801499843597412
2021-03-11,131.8000030517578,5.67110013961792
2021-03-12,132.4499969482422,5.534800052642822
2021-03-15,131.4499969482422,5.4951558113098145
2021-03-16,133.8000030517578,5.614500045776367
2021-03-17,132.85000610351562,5.6234002113342285
2021-03-18,126.4000015258789,5.583099842071533
2021-03-19,125.44999694824219,5.558700084686279
2021-03-22,130.10000610351562,5.493563175201416
2021-03-23,127.5999984741211,5.505499839782715
2021-03-24,126.5,5.520400047302246
2021-03-25,126.5999984741211,5.61959981918335
2021-03-26,128.5,5.648399829864502
2021-03-29,127.05000305175781,5.752399921417236
2021-03-30,122.5999984741211,5.780799865722656
2021-03-31,123.5,5.771599769592285
2021-04-01,121.5999984741211,5.63129997253418
2021-04-05,122.0999984741211,5.710599899291992
2021-04-06,126.8499984741211,5.662700176239014
2021-04-07,126.75,5.593200206756592
2021-04-08,127.8499984741211,5.612100124359131
2021-04-09,127.25,5.5665998458862305
2021-04-12,128.10000610351562,5.679299831390381
2021-04-13,130.0500030517578,5.7322001457214355
2021-04-14,132.10000610351562,5.716300010681152
2021-04-15,132.6999969482422,5.652900218963623
2021-04-16,129.14999389648438,5.614999771118164
2021-04-19,129.85000610351562,5.5858001708984375
2021-04-20,132.4499969482422,5.545300006866455
2021-04-21,132.1999969482422,5.56790018081665
2021-04-22,134.3000030517578,5.56790018081665
2021-04-23,136.85000610351562,5.44320011138916
2021-04-26,141.75,5.477200031280518
2021-04-27,144.35000610351562,5.435299873352051
2021-04-28,144.3000030517578,5.451000213623047
2021-04-29,141.39999389648438,5.341400146484375
2021-04-30,139.9499969482422,5.336400032043457
2021-05-03,138.75,5.439700126647949
2021-05-04,138.89999389648438,5.4380998611450195
2021-05-05,148.5,5.442599773406982
2021-05-06,153.5,5.352700233459473
2021-05-07,152.3000030517578,5.273430824279785
2021-05-10,147.60000610351562,5.235499858856201
2021-05-11,147.89999389648438,5.2221999168396
2021-05-12,145.75,5.221199989318848
2021-05-13,145.64999389648438,5.303100109100342
2021-05-14,144.25,5.307700157165527
2021-05-17,145.0,5.269499778747559
2021-05-18,151.8000030517578,5.271500110626221
2021-05-19,150.9499969482422,5.259500026702881
2021-05-20,150.9499969482422,5.308000087738037
2021-05-21,150.10000610351562,5.281300067901611
2021-05-24,149.0,5.361800193786621
2021-05-25,150.5,5.31850004196167
2021-05-26,155.6999969482422,5.330699920654297
2021-05-27,155.35000610351562,5.310500144958496
2021-05-28,162.35000610351562,5.2382001876831055
2021-06-01,161.0500030517578,5.216599941253662
2021-06-02,161.14999389648438,5.149700164794922
2021-06-03,157.60000610351562,5.07450008392334
2021-06-04,161.64999389648438,5.076300144195557
2021-06-07,160.14999389648438,5.044600009918213
2021-06-08,157.6999969482422,5.045199871063232
2021-06-09,157.1999969482422,5.034900188446045
2021-06-10,158.6999969482422,5.061500072479248
2021-06-11,157.4499969482422,5.054500102996826
2021-06-14,154.10000610351562,5.117000102996826
2021-06-15,151.1999969482422,5.058599948883057
2021-06-16,153.35000610351562,5.043799877166748
2021-06-17,149.5500030517578,5.054299831390381
2021-06-18,149.89999389648438,5.007400035858154
2021-06-21,152.35000610351562,5.0960001945495605
2021-06-22,151.25,5.0131001472473145
2021-06-23,153.14999389648438,4.957099914550781
2021-06-24,152.39999389648438,4.965199947357178
2021-06-25,157.25,4.912700176239014
2021-06-28,162.25,4.91540002822876
2021-06-29,159.6999969482422,4.924799919128418
2021-06-30,159.35000610351562,4.955100059509277
2021-07-01,156.0,4.969200134277344
2021-07-02,152.5500030517578,5.045102119445801
2021-07-06,147.89999389648438,5.088459014892578
2021-07-07,149.75,5.195300102233887
2021-07-08,152.0500030517578,5.231200218200684
2021-07-09,151.3000030517578,5.257999897003174
2021-07-12,153.85000610351562,5.257900238037109
2021-07-13,152.10000610351562,5.172699928283691
2021-07-14,156.4499969482422,5.162399768829346
2021-07-15,156.89999389648438,5.069900035858154
2021-07-16,161.1999969482422,5.110000133514404
2021-07-19,155.25,5.1153998374938965
2021-07-20,165.64999389648438,5.250899791717529
2021-07-21,176.0,5.219900131225586
2021-07-22,193.64999389648438,5.187300205230713
2021-07-23,189.0,5.1996002197265625
2021-07-26,207.8000030517578,5.19789981842041
2021-07-27,201.75,5.1753997802734375
2021-07-28,200.4499969482422,5.169099807739258
2021-07-29,196.5,5.114799976348877
2021-07-30,179.5500030517578,5.080399990081787
2021-08-02,172.8000030517578,5.208700180053711
2021-08-03,174.85000610351562,5.174600124359131
2021-08-04,175.64999389648438,5.196800231933594
2021-08-05,176.89999389648438,5.1682000160217285
2021-08-06,176.0,5.245200157165527
2021-08-09,179.35000610351562,5.23199987411499
2021-08-10,182.0,5.231800079345703
2021-08-11,183.85000610351562,5.188300132751465
2021-08-12,186.5500030517578,5.218200206756592
2021-08-13,182.75,5.252200126647949
2021-08-16,183.1999969482422,5.247499942779541
2021-08-17,178.9499969482422,5.259699821472168
2021-08-18,179.6999969482422,5.294300079345703
2021-08-19,178.1999969482422,5.378600120544434
2021-08-20,178.25,5.414100170135498
2021-08-23,179.9499969482422,5.379000186920166
2021-08-24,183.3000030517578,5.379899978637695
2021-08-25,184.0500030517578,5.245800018310547
2021-08-26,185.64999389648438,5.210999965667725
2021-08-27,189.5,5.2515997886657715
2021-08-30,197.39999389648438,5.2027997970581055
2021-08-31,193.4499969482422,5.1828999519348145
2021-09-01,193.1999969482422,5.1493000984191895
2021-09-02,191.89999389648438,5.184599876403809
2021-09-03,190.5500030517578,5.18179988861084
2021-09-07,191.5,5.169300079345703
2021-09-08,187.75,5.169600009918213
2021-09-09,185.0,5.3206000328063965
2021-09-10,185.60000610351562,5.196499824523926
2021-09-13,184.35000610351562,5.247000217437744
2021-09-14,183.0,5.213200092315674
2021-09-15,187.0,5.238900184631348
2021-09-16,187.8000030517578,5.221700191497803
2021-09-17,187.3000030517578,5.256800174713135
2021-09-20,183.5,5.289700031280518
2021-09-21,183.35000610351562,5.323200225830078
2021-09-22,184.85000610351562,5.268899917602539
2021-09-23,190.60000610351562,5.287700176239014
2021-09-24,194.35000610351562,5.3018999099731445
2021-09-27,193.64999389648438,5.336999893188477
2021-09-28,198.60000610351562,5.390399932861328
2021-09-29,193.39999389648438,5.427599906921387
2021-09-30,194.0,5.414299964904785
2021-10-01,204.0500030517578,5.441699981689453
2021-10-04,200.35000610351562,5.3678998947143555
2021-10-05,191.89999389648438,5.453199863433838
2021-10-06,193.4499969482422,5.475500106811523
2021-10-07,197.89999389648438,5.4918999671936035
2021-10-08,201.35000610351562,5.517000198364258
2021-10-11,204.25,5.506899833679199
2021-10-12,213.14999389648438,5.535999774932861
2021-10-13,208.64999389648438,5.531499862670898
2021-10-14,209.25,5.512499809265137
2021-10-15,203.39999389648438,5.512199878692627
2021-10-18,201.60000610351562,5.458399772644043
2021-10-19,204.25,5.511300086975098
2021-10-20,205.5500030517578,5.5833001136779785
2021-10-21,203.3000030517578,5.59630012512207
2021-10-22,199.85000610351562,5.657800197601318
2021-10-25,202.5500030517578,5.649199962615967
2021-10-26,208.10000610351562,5.5543999671936035
2021-10-27,201.35000610351562,5.564799785614014
2021-10-28,199.9499969482422,5.534999847412109
2021-10-29,203.9499969482422,5.644899845123291
2021-11-01,208.6999969482422,5.633699893951416
2021-11-02,208.0500030517578,5.678899765014648
2021-11-03,209.3000030517578,5.678599834442139
2021-11-04,208.60000610351562,5.5524001121521
2021-11-05,203.5500030517578,5.6016998291015625
2021-11-08,199.64999389648438,5.541100025177002
2021-11-09,205.89999389648438,5.543099880218506
2021-11-10,204.0,5.479100227355957
2021-11-11,210.89999389648438,5.4899001121521
2021-11-12,219.6999969482422,5.3979997634887695
2021-11-15,222.75,5.457600116729736
2021-11-16,222.0500030517578,5.456299781799316
2021-11-17,232.60000610351562,5.502200126647949
2021-11-18,228.9499969482422,5.52869987487793
2021-11-19,233.3000030517578,5.556399822235107
2021-11-22,231.35000610351562,5.611599922180176
2021-11-23,242.5500030517578,5.585599899291992
2021-11-24,246.3000030517578,5.570400238037109
2021-11-26,243.85000610351562,5.565100193023682
2021-11-29,233.85000610351562,5.607800006866455
2021-11-30,233.25,5.6006999015808105
2021-12-01,234.1999969482422,5.620871067047119
2021-12-02,237.4499969482422,5.6915669441223145
2021-12-03,244.0500030517578,5.643321990966797
2021-12-06,250.1999969482422,5.65009880065918
2021-12-07,243.89999389648438,5.688000202178955
2021-12-08,244.75,5.611800193786621
2021-12-09,240.35000610351562,5.531599998474121
2021-12-10,232.6999969482422,5.571100234985352
2021-12-13,236.6999969482422,5.60866117477417
2021-12-14,237.14999389648438,5.679699897766113
2021-12-15,237.39999389648438,5.680600166320801
2021-12-16,236.9499969482422,5.6793999671936035
2021-12-17,235.89999389648438,5.687399864196777
2021-12-20,224.39999389648438,5.693059921264648
2021-12-21,228.25,5.741300106048584
2021-12-22,233.5500030517578,5.74399995803833
2021-12-23,231.1999969482422,5.6529998779296875
2021-12-27,227.0500030517578,5.67110013961792
2021-12-28,225.60000610351562,5.624100208282471
2021-12-29,228.89999389648438,5.627500057220459
2021-12-30,228.85000610351562,5.702700138092041
2021-12-31,226.10000610351562,5.570199966430664
2022-01-03,223.3000030517578,5.569300174713135
2022-01-04,231.75,5.68120002746582
2022-01-05,231.75,5.676199913024902
2022-01-06,231.6999969482422,5.705635070800781
2022-01-07,238.4499969482422,5.682400226593018
2022-01-10,234.89999389648438,5.632199764251709
2022-01-11,237.0500030517578,5.662199974060059
2022-01-12,240.85000610351562,5.567299842834473
2022-01-13,237.0,5.533199787139893
2022-01-14,239.64999389648438,5.526700019836426
2022-01-18,239.60000610351562,5.5157999992370605
2022-01-19,244.4499969482422,5.565700054168701
2022-01-20,243.64999389648438,5.43720006942749
2022-01-21,237.89999389648438,5.418099880218506
2022-01-24,232.9499969482422,5.457099914550781
2022-01-25,237.89999389648438,5.486100196838379
2022-01-26,238.89999389648438,5.440703868865967
2022-01-27,232.0500030517578,5.429166793823242
2022-01-28,235.89999389648438,5.40348482131958
2022-01-31,235.10000610351562,5.362599849700928
2022-02-01,236.6999969482422,5.303100109100342
2022-02-02,238.8000030517578,5.264500141143799
2022-02-03,243.89999389648438,5.260900020599365
2022-02-04,241.85000610351562,5.282899856567383
2022-02-07,241.64999389648438,5.326900005340576
2022-02-08,248.9499969482422,5.262599945068359
2022-02-09,258.3500061035156,5.258399963378906
2022-02-10,255.1999969482422,5.234499931335449
2022-02-11,251.64999389648438,5.248700141906738
2022-02-14,247.5500030517578,5.249956130981445
2022-02-15,251.85000610351562,5.214000225067139
2022-02-16,252.25,5.157899856567383
2022-02-17,251.5,5.135799884796143
2022-02-18,246.85000610351562,5.170599937438965
2022-02-22,248.4499969482422,5.102700233459473
2022-02-23,248.60000610351562,5.05709981918335
2022-02-24,239.35000610351562,5.008699893951416
2022-02-25,240.0500030517578,5.122200012207031
2022-02-28,234.25,5.15939998626709
2022-03-01,237.25,5.158400058746338
2022-03-02,230.4499969482422,5.158999919891357
2022-03-03,224.14999389648438,5.096502780914307
2022-03-04,224.14999389648438,5.030900001525879
2022-03-07,225.5,5.06056022644043
2022-03-08,234.0500030517578,5.110499858856201
2022-03-09,230.4499969482422,5.058800220489502
2022-03-10,225.1999969482422,5.011499881744385
2022-03-11,222.9499969482422,5.009699821472168
2022-03-14,219.64999389648438,5.073500156402588
2022-03-15,212.3000030517578,5.121399879455566
2022-03-16,218.60000610351562,5.1631999015808105
2022-03-17,217.3000030517578,5.0738749504089355
2022-03-18,220.3000030517578,5.039400100708008
2022-03-21,225.85000610351562,5.0177998542785645
2022-03-22,225.0500030517578,4.935200214385986
2022-03-23,225.3000030517578,4.909999847412109
2022-03-24,221.85000610351562,4.82420015335083
2022-03-25,221.85000610351562,4.826300144195557
2022-03-28,214.5500030517578,4.7368998527526855
2022-03-29,215.6999969482422,4.764100074768066
2022-03-30,221.85000610351562,4.756199836730957
2022-03-31,226.39999389648438,4.769700050354004
2022-04-01,228.39999389648438,4.737800121307373
2022-04-04,230.60000610351562,4.657199859619141
2022-04-05,231.3000030517578,4.593800067901611
2022-04-06,227.60000610351562,4.650700092315674
2022-04-07,226.14999389648438,4.715199947357178
2022-04-08,231.64999389648438,4.752099990844727
2022-04-11,236.60000610351562,4.6981000900268555
2022-04-12,233.60000610351562,4.693600177764893
2022-04-13,225.0500030517578,4.673099994659424
2022-04-14,223.60000610351562,4.690199851989746
2022-04-18,223.5,4.7006001472473145
2022-04-19,221.3000030517578,4.6519999504089355
2022-04-20,218.8000030517578,4.664999961853027
2022-04-21,228.14999389648438,4.620800018310547
2022-04-22,227.3000030517578,4.620800018310547
2022-04-25,220.8000030517578,4.795199871063232
2022-04-26,221.39999389648438,4.876200199127197
2022-04-27,215.9499969482422,4.997799873352051
2022-04-28,217.89999389648438,4.963600158691406
2022-04-29,222.5500030517578,4.93779993057251
2022-05-02,216.39999389648438,4.97130012512207
2022-05-03,218.1999969482422,5.084700107574463
2022-05-04,221.1999969482422,4.958099842071533
2022-05-05,218.39999389648438,4.918799877166748
2022-05-06,211.60000610351562,5.0279998779296875
2022-05-09,206.3000030517578,5.080399990081787
2022-05-10,204.0,5.160900115966797
2022-05-11,220.10000610351562,5.13129997253418
2022-05-12,215.0,5.134252071380615
2022-05-13,212.89999389648438,5.133399963378906
2022-05-16,225.8000030517578,5.058300018310547
2022-05-17,228.1999969482422,5.059700012207031
2022-05-18,218.60000610351562,4.9380998611450195
2022-05-19,218.6999969482422,4.96750020980835
2022-05-20,215.85000610351562,4.929999828338623
2022-05-23,215.75,4.880199909210205
2022-05-24,213.64999389648438,4.813499927520752
2022-05-25,217.0500030517578,4.817800045013428
2022-05-26,226.60000610351562,4.822800159454346
2022-05-27,229.4499969482422,4.768199920654297
2022-05-31,231.25,4.752399921417236
2022-06-01,239.4499969482422,4.730400085449219
2022-06-02,238.25,4.815499782562256
2022-06-03,232.39999389648438,4.7957000732421875
2022-06-06,237.5500030517578,4.775000095367432
2022-06-07,232.14999389648438,4.7941999435424805
2022-06-08,231.85000610351562,4.867526054382324
2022-06-09,234.64999389648438,4.898099899291992
2022-06-10,228.89999389648438,4.903299808502197
2022-06-13,223.35000610351562,4.984000205993652
2022-06-14,226.9499969482422,5.113399982452393
2022-06-15,228.5,5.116099834442139
2022-06-16,231.9499969482422,5.052000045776367
2022-06-17,227.64999389648438,5.052199840545654
2022-06-21,233.10000610351562,5.18720006942749
2022-06-22,238.60000610351562,5.122799873352051
2022-06-23,232.4499969482422,5.193600177764893
2022-06-24,226.60000610351562,5.23799991607666
2022-06-27,226.0,5.241399765014648
2022-06-28,221.89999389648438,5.236800193786621
2022-06-29,232.64999389648438,5.266600131988525
2022-06-30,233.60000610351562,5.1809000968933105
2022-07-01,228.4499969482422,5.251999855041504
2022-07-05,224.64999389648438,5.3282999992370605
2022-07-06,222.5,5.385200023651123
2022-07-07,222.1999969482422,5.427999973297119
2022-07-08,222.89999389648438,5.338200092315674
2022-07-11,216.89999389648438,5.254000186920166
2022-07-12,209.25,5.377200126647949
2022-07-13,211.25,5.436500072479248
2022-07-14,199.1999969482422,5.390900135040283
2022-07-15,203.6999969482422,5.422800064086914
2022-07-18,219.10000610351562,5.410099983215332
2022-07-19,220.39999389648438,5.436800003051758
2022-07-20,218.14999389648438,5.413099765777588
2022-07-21,215.85000610351562,5.470200061798096
2022-07-22,206.6999969482422,5.497799873352051
2022-07-25,210.0500030517578,5.496699810028076
2022-07-26,213.1999969482422,5.356299877166748
2022-07-27,219.10000610351562,5.350100040435791
2022-07-28,218.39999389648438,5.243000030517578
2022-07-29,217.1999969482422,5.182700157165527
2022-08-01,213.1999969482422,5.171199798583984
2022-08-02,209.89999389648438,5.184000015258789
2022-08-03,214.64999389648438,5.277699947357178
2022-08-04,219.3000030517578,5.282700061798096
2022-08-05,209.4499969482422,5.211100101470947
2022-08-08,211.85000610351562,5.164599895477295
2022-08-09,212.75,5.110099792480469
2022-08-10,220.4499969482422,5.123700141906738
2022-08-11,223.9499969482422,5.093699932098389
2022-08-12,226.60000610351562,5.1570000648498535
2022-08-15,225.5,5.074900150299072
2022-08-16,219.35000610351562,5.095600128173828
2022-08-17,217.4499969482422,5.1417388916015625
2022-08-18,214.6999969482422,5.164999961853027
2022-08-19,215.9499969482422,5.166999816894531
2022-08-22,224.3000030517578,5.168399810791016
2022-08-23,230.64999389648438,5.156099796295166
2022-08-24,242.9499969482422,5.103499889373779
2022-08-25,243.39999389648438,5.110099792480469
2022-08-26,242.0,5.108699798583984
2022-08-29,240.5,5.0625
2022-08-30,239.14999389648438,5.027200222015381
2022-08-31,239.10000610351562,5.1219000816345215
2022-09-01,236.35000610351562,5.181700229644775
2022-09-02,232.64999389648438,5.2403998374938965
2022-09-06,233.89999389648438,5.153900146484375
2022-09-07,226.89999389648438,5.247200012207031
2022-09-08,225.85000610351562,5.246699810028076
2022-09-09,231.5,5.2133002281188965
2022-09-12,227.75,5.146299839019775
2022-09-13,223.9499969482422,5.0920000076293945
2022-09-14,217.60000610351562,5.189799785614014
2022-09-15,219.14999389648438,5.162700176239014
2022-09-16,218.0500030517578,5.246099948883057
2022-09-19,224.0500030517578,5.250699996948242
2022-09-20,228.10000610351562,5.170899868011475
2022-09-21,221.3000030517578,5.141499996185303
2022-09-22,223.5500030517578,5.170400142669678
2022-09-23,220.4499969482422,5.115499973297119
2022-09-26,223.8000030517578,5.258800029754639
2022-09-27,224.35000610351562,5.389400005340576
2022-09-28,228.6999969482422,5.3780999183654785
2022-09-29,225.6999969482422,5.374199867248535
2022-09-30,221.5500030517578,5.396200180053711
2022-10-03,215.75,5.414299964904785
2022-10-04,219.3000030517578,5.16349983215332
2022-10-05,224.64999389648438,5.17579984664917
2022-10-06,217.6999969482422,5.195199966430664
2022-10-07,218.10000610351562,5.220099925994873
2022-10-10,217.4499969482422,5.198400020599365
2022-10-11,217.85000610351562,5.186800003051758
2022-10-12,209.75,5.292099952697754
2022-10-13,202.14999389648438,5.291500091552734
2022-10-14,196.6999969482422,5.259799957275391
2022-10-17,195.5500030517578,5.327400207519531
2022-10-18,195.10000610351562,5.2773590087890625
2022-10-19,192.3000030517578,5.239799976348877
2022-10-20,191.0500030517578,5.269199848175049
2022-10-21,190.89999389648438,5.216599941253662
2022-10-24,190.39999389648438,5.163400173187256
2022-10-25,185.8000030517578,5.30620002746582
2022-10-26,179.75,5.315199851989746
2022-10-27,178.85000610351562,5.383900165557861
2022-10-28,169.8000030517578,5.339200019836426
2022-10-31,177.6999969482422,5.28849983215332
2022-11-01,174.60000610351562,5.178800106048584
2022-11-02,182.14999389648438,5.142399787902832
2022-11-03,172.1999969482422,5.142600059509277
2022-11-04,175.75,5.1149001121521
2022-11-07,170.5500030517578,5.078132152557373
2022-11-08,166.4499969482422,5.153326988220215
2022-11-09,165.14999389648438,5.14300012588501
2022-11-10,171.0,5.185200214385986
2022-11-11,170.10000610351562,5.341579914093018
2022-11-14,166.1999969482422,5.279058933258057
2022-11-15,156.75,5.331200122833252
2022-11-16,155.4499969482422,5.331699848175049
2022-11-17,152.6999969482422,5.39900016784668
2022-11-18,151.3000030517578,5.422100067138672
2022-11-21,157.5,5.38129997253418
2022-11-22,161.8000030517578,5.318600177764893
2022-11-23,160.10000610351562,5.357699871063232
2022-11-25,163.5500030517578,5.320000171661377
2022-11-28,160.64999389648438,5.4085001945495605
2022-11-29,166.6999969482422,5.364699840545654
2022-11-30,167.6999969482422,5.268199920654297
2022-12-01,163.35000610351562,5.181589126586914
2022-12-02,160.14999389648438,5.183599948883057
2022-12-05,160.14999389648438,5.2179999351501465
2022-12-06,161.0500030517578,5.28000020980835
2022-12-07,157.6999969482422,5.234000205993652
2022-12-08,156.89999389648438,5.203999996185303
2022-12-09,157.75,5.224299907684326
2022-12-12,166.35000610351562,5.235000133514404
2022-12-13,167.14999389648438,5.321300029754639
2022-12-14,168.3000030517578,5.292799949645996
2022-12-15,171.5,5.277200222015381
2022-12-16,164.14999389648438,5.311800003051758
2022-12-19,164.0500030517578,5.306509017944336
2022-12-20,167.8000030517578,5.291600227355957
2022-12-21,169.35000610351562,5.198400020599365
2022-12-22,168.89999389648438,5.199900150299072
2022-12-23,172.0,5.165599822998047
2022-12-27,166.9499969482422,5.21750020980835
2022-12-28,173.5500030517578,5.292300224304199
2022-12-29,170.0500030517578,5.2667999267578125
2022-12-30,167.3000030517578,5.284599781036377
2023-01-03,166.3000030517578,5.360130786895752
2023-01-04,161.3000030517578,5.478499889373779
2023-01-05,160.5500030517578,5.430099964141846
2023-01-06,158.3000030517578,5.349800109863281
2023-01-09,158.0500030517578,5.224400043487549
2023-01-10,150.89999389648438,5.253699779510498
2023-01-11,143.89999389648438,5.198299884796143
2023-01-12,149.39999389648438,5.1585001945495605
2023-01-13,151.6999969482422,5.107699871063232
2023-01-17,151.10000610351562,5.145999908447266
2023-01-18,155.0,5.099599838256836
2023-01-19,154.60000610351562,5.185299873352051
2023-01-20,154.8000030517578,5.172999858856201
2023-01-23,158.5500030517578,5.206299781799316
2023-01-24,159.85000610351562,5.205900192260742
2023-01-25,162.4499969482422,5.138400077819824
2023-01-26,167.14999389648438,5.072199821472168
2023-01-27,169.89999389648438,5.062745094299316
2023-01-30,170.39999389648438,5.1072001457214355
2023-01-31,181.75,5.1149001121521
2023-02-01,175.89999389648438,5.072199821472168
2023-02-02,177.89999389648438,5.053500175476074
2023-02-03,172.8000030517578,5.049200057983398
2023-02-06,175.6999969482422,5.149799823760986
2023-02-07,177.0500030517578,5.145699977874756
2023-02-08,175.60000610351562,5.2093000411987305
2023-02-09,173.64999389648438,5.19950008392334
2023-02-10,174.75,5.2895002365112305
2023-02-13,177.0500030517578,5.213482856750488
2023-02-14,183.5500030517578,5.158400058746338
2023-02-15,176.85000610351562,5.191500186920166
2023-02-16,180.6999969482422,5.2179999351501465
2023-02-17,188.6999969482422,5.216800212860107
2023-02-21,194.4499969482422,5.1666998863220215
2023-02-22,199.5,5.166500091552734
2023-02-23,193.64999389648438,5.151199817657471
2023-02-24,191.1999969482422,5.136199951171875
2023-02-27,190.6999969482422,5.207799911499023
2023-02-28,190.39999389648438,5.199699878692627
2023-03-01,185.3000030517578,5.235899925231934
2023-03-02,183.9499969482422,5.178299903869629
2023-03-03,180.8000030517578,5.1996002197265625
2023-03-06,182.4499969482422,5.194399833679199
2023-03-07,184.5500030517578,5.152200222015381
2023-03-08,179.5500030517578,5.190000057220459
2023-03-09,178.0,5.144400119781494
2023-03-10,182.25,5.163700103759766
2023-03-13,183.1999969482422,5.21560001373291
2023-03-14,180.89999389648438,5.245699882507324
2023-03-15,178.0500030517578,5.251699924468994
2023-03-16,185.5,5.287099838256836
2023-03-17,183.0,5.229599952697754
2023-03-20,184.89999389648438,5.2778000831604
2023-03-21,186.6999969482422,5.2357001304626465
2023-03-22,178.0,5.240900039672852
2023-03-23,174.3000030517578,5.236100196838379
2023-03-24,179.25,5.2967000007629395
2023-03-27,176.89999389648438,5.245100021362305
2023-03-28,173.75,5.1971001625061035
2023-03-29,169.6999969482422,5.164400100708008
2023-03-30,169.8000030517578,5.134200096130371
2023-03-31,170.5,5.092700004577637
2023-04-03,176.25,5.062300205230713
2023-04-04,174.85000610351562,5.0630998611450195
2023-04-05,180.14999389648438,5.070700168609619
2023-04-06,183.60000610351562,5.033199787139893
2023-04-10,182.60000610351562,5.0543999671936035
2023-04-11,190.5,5.065299987792969
2023-04-12,190.25,5.004000186920166
2023-04-13,196.10000610351562,4.916900157928467
2023-04-14,193.39999389648438,4.926700115203857
2023-04-17,201.0,4.908699989318848
2023-04-18,205.25,4.939799785614014
2023-04-19,202.5500030517578,4.984300136566162
2023-04-20,195.89999389648438,5.0742998123168945
2023-04-21,194.1999969482422,5.047699928283691
2023-04-24,196.75,5.047900199890137
2023-04-25,192.4499969482422,5.033400058746338
2023-04-26,195.85000610351562,5.053100109100342
2023-04-27,192.10000610351562,5.043000221252441
2023-04-28,189.85000610351562,4.976200103759766
2023-05-01,189.25,4.986000061035156
2023-05-02,190.64999389648438,4.9878997802734375
2023-05-03,189.1999969482422,5.038400173187256
2023-05-04,186.39999389648438,4.9944000244140625
2023-05-05,191.0,4.982600212097168
2023-05-08,186.89999389648438,4.951700210571289
2023-05-09,188.0,5.007999897003174
2023-05-10,187.4499969482422,4.985899925231934
2023-05-11,185.8000030517578,4.94290018081665
2023-05-12,186.0,4.929500102996826
2023-05-15,193.0500030517578,4.920199871063232
2023-05-16,190.35000610351562,4.887899875640869
2023-05-17,189.85000610351562,4.9394001960754395
2023-05-18,190.4499969482422,4.937699794769287
2023-05-19,192.0,4.964399814605713
2023-05-22,189.1999969482422,4.996799945831299
2023-05-23,187.4499969482422,4.966100215911865
2023-05-24,188.0,4.971199989318848
2023-05-25,182.6999969482422,4.958600044250488
2023-05-26,181.60000610351562,5.035200119018555
2023-05-30,177.10000610351562,5.018099784851074
2023-05-31,178.64999389648438,5.034800052642822
2023-06-01,183.0500030517578,5.054800033569336
2023-06-02,180.3000030517578,5.0131001472473145
2023-06-05,183.10000610351562,4.956600189208984
2023-06-06,182.60000610351562,4.925600051879883
2023-06-07,185.39999389648438,4.9120001792907715
2023-06-08,194.85000610351562,4.922399997711182
2023-06-09,190.64999389648438,4.922100067138672
2023-06-12,185.5500030517578,4.877900123596191
2023-06-13,182.75,4.860599994659424
2023-06-14,184.39999389648438,4.861000061035156
2023-06-15,187.0,4.815000057220459
2023-06-16,184.89999389648438,4.809199810028076
2023-06-20,177.4499969482422,4.776899814605713
2023-06-21,172.0,4.789299964904785
2023-06-22,171.6999969482422,4.76230001449585
2023-06-23,168.0500030517578,4.7697367668151855
2023-06-26,167.9499969482422,4.7855000495910645
2023-06-27,169.4499969482422,4.767300128936768
2023-06-28,165.64999389648438,4.810500144958496
2023-06-29,163.60000610351562,4.850500106811523
2023-06-30,161.0,4.855599880218506
2023-07-03,162.5,4.784200191497803
2023-07-05,161.0500030517578,4.839900016784668
2023-07-06,162.35000610351562,4.8471999168396
2023-07-07,162.8000030517578,4.918700218200684
2023-07-10,161.75,4.8709001541137695
2023-07-11,159.3000030517578,4.898200035095215
2023-07-12,158.75,4.851500034332275
2023-07-13,159.35000610351562,4.81689977645874
2023-07-14,161.9499969482422,4.7947998046875
2023-07-17,154.75,4.788099765777588
2023-07-18,155.25,4.805799961090088
2023-07-19,152.4499969482422,4.809299945831299
2023-07-20,158.0500030517578,4.789899826049805
2023-07-21,161.85000610351562,4.796899795532227
2023-07-24,163.0,4.777400016784668
2023-07-25,161.85000610351562,4.725500106811523
2023-07-26,163.14999389648438,4.748899936676025
2023-07-27,161.4499969482422,4.736199855804443
2023-07-28,157.89999389648438,4.741600036621094
2023-07-31,164.64999389648438,4.723299980163574
2023-08-01,164.5500030517578,4.724699974060059
2023-08-02,166.9499969482422,4.791999816894531
2023-08-03,164.75,4.810400009155273
2023-08-04,161.35000610351562,4.916399955749512
2023-08-07,163.9499969482422,4.88539981842041
2023-08-08,161.35000610351562,4.89900016784668
2023-08-09,160.75,4.898600101470947
2023-08-10,159.89999389648438,4.901700019836426
2023-08-11,157.8000030517578,4.891499996185303
2023-08-14,151.10000610351562,4.910999774932861
2023-08-15,149.25,4.962100028991699
2023-08-16,148.89999389648438,4.9832000732421875
2023-08-17,147.0,4.9868998527526855
2023-08-18,147.4499969482422,4.975500106811523
2023-08-21,147.5500030517578,4.966899871826172
2023-08-22,146.60000610351562,4.978700160980225
2023-08-23,152.9499969482422,4.937099933624268
2023-08-24,153.0,4.855100154876709
2023-08-25,151.75,4.880300045013428
2023-08-28,151.8000030517578,4.8703999519348145
2023-08-29,151.35000610351562,4.872600078582764
2023-08-30,153.35000610351562,4.85129976272583
2023-08-31,152.6999969482422,4.888400077819824
2023-09-01,150.9499969482422,4.953800201416016
2023-09-05,151.39999389648438,4.936200141906738
2023-09-06,151.75,4.966700077056885
2023-09-07,147.39999389648438,4.9770002365112305
2023-09-08,146.25,4.976099967956543
2023-09-11,151.5500030517578,4.982999801635742
2023-09-12,150.6999969482422,4.9293999671936035
2023-09-13,151.0500030517578,4.946599960327148
2023-09-14,153.10000610351562,4.91540002822876
2023-09-15,158.25,4.868199825286865
2023-09-18,158.6999969482422,4.867000102996826
2023-09-19,167.5,4.853700160980225
2023-09-20,158.1999969482422,4.865799903869629
2023-09-21,154.85000610351562,4.878799915313721
2023-09-22,151.14999389648438,4.934899806976318
2023-09-25,148.8000030517578,4.933899879455566
2023-09-26,150.85000610351562,4.968299865722656
2023-09-27,149.25,4.986199855804443
2023-09-28,147.1999969482422,5.042200088500977
2023-09-29,146.14999389648438,5.032800197601318
2023-10-02,149.10000610351562,5.042799949645996
2023-10-03,148.75,5.061500072479248
2023-10-04,146.35000610351562,5.166299819946289
2023-10-05,145.39999389648438,5.154600143432617
2023-10-06,146.0500030517578,5.164999961853027
2023-10-09,146.0500030517578,5.145699977874756
2023-10-10,147.5,5.135200023651123
2023-10-11,147.6999969482422,5.051000118255615
2023-10-12,149.3000030517578,5.049600124359131
2023-10-13,154.89999389648438,5.045899868011475
2023-10-16,154.14999389648438,5.0482001304626465
2023-10-17,157.0500030517578,5.037600040435791
2023-10-18,158.0500030517578,5.037399768829346
2023-10-19,163.9499969482422,5.056099891662598
2023-10-20,165.25,5.062900066375732
2023-10-23,165.85000610351562,5.031300067901611
2023-10-24,168.14999389648438,5.01230001449585
2023-10-25,162.3000030517578,4.991000175476074
2023-10-26,161.1999969482422,4.994699954986572
2023-10-27,160.9499969482422,4.985300064086914
2023-10-30,159.10000610351562,4.952030181884766
2023-10-31,167.3000030517578,5.04610013961792
2023-11-01,159.8000030517578,5.03410005569458
2023-11-02,165.35000610351562,4.953700065612793
2023-11-03,170.89999389648438,4.952899932861328
2023-11-06,173.6999969482422,4.899199962615967
2023-11-07,170.75,4.884099960327148
2023-11-08,174.35000610351562,4.871500015258789
2023-11-09,178.8000030517578,4.909299850463867
2023-11-10,174.5,4.933899879455566
2023-11-13,178.64999389648438,4.893379211425781
2023-11-14,176.4499969482422,4.906199932098389
2023-11-15,180.8000030517578,4.864500045776367
2023-11-16,176.10000610351562,4.860899925231934
2023-11-17,170.9499969482422,4.862199783325195
2023-11-20,177.89999389648438,4.819177150726318
2023-11-21,176.5500030517578,4.851799964904785
2023-11-22,178.64999389648438,4.8993000984191895
2023-11-23,178.64999389648438,4.9054999351501465
2023-11-24,178.64999389648438,4.902500152587891
2023-11-27,179.6999969482422,4.900899887084961
2023-11-28,183.64999389648438,4.895500183105469
2023-11-29,182.10000610351562,4.869800090789795
2023-11-30,195.0,4.904099941253662
2023-12-01,193.89999389648438,4.923099994659424
2023-12-04,188.89999389648438,4.902159214019775
2023-12-05,193.85000610351562,4.9430999755859375
2023-12-06,185.25,4.927700042724609
2023-12-07,185.5,4.901199817657471
2023-12-08,185.14999389648438,4.910099983215332
2023-12-11,194.0,4.893286228179932
2023-12-12,191.14999389648438,4.936699867248535
2023-12-13,194.64999389648438,4.9644999504089355
2023-12-14,200.10000610351562,4.918399810791016
2023-12-15,201.8000030517578,4.914599895477295
2023-12-18,209.5500030517578,4.919657230377197
2023-12-19,202.39999389648438,4.895899772644043
2023-12-20,190.60000610351562,4.866499900817871
2023-12-21,193.60000610351562,4.914599895477295
2023-12-22,192.8000030517578,4.881800174713135
2023-12-26,194.35000610351562,4.869743824005127
2023-12-27,197.75,4.813499927520752
2023-12-28,198.0,4.826099872589111
2023-12-29,188.3000030517578,4.850200176239014
2024-01-02,190.14999389648438,4.852399826049805
2024-01-03,186.25,4.922500133514404
2024-01-04,185.5500030517578,4.9191999435424805
2024-01-05,182.8000030517578,4.895599842071533
2024-01-08,181.39999389648438,4.8606672286987305
2024-01-09,184.10000610351562,4.86899995803833
2024-01-10,181.14999389648438,4.905099868774414
2024-01-11,184.0500030517578,4.89139986038208
2024-01-12,180.0,4.869699954986572
2024-01-16,185.25,4.862199783325195
2024-01-17,179.1999969482422,4.924900054931641
2024-01-18,179.9499969482422,4.934000015258789
2024-01-19,185.14999389648438,4.92609977722168
2024-01-22,192.25,4.904642105102539
2024-01-23,192.9499969482422,4.98829984664917
2024-01-24,189.4499969482422,4.952199935913086
2024-01-25,186.9499969482422,4.932499885559082
2024-01-26,193.85000610351562,4.915800094604492
2024-01-29,189.25,4.913599967956543
2024-01-30,194.0,4.950200080871582
2024-01-31,194.0500030517578,4.950300216674805
2024-02-01,194.1999969482422,4.951900005340576
2024-02-02,191.9499969482422,4.914999961853027
2024-02-05,189.5,4.932938098907471
2024-02-06,188.1999969482422,4.9499430656433105
2024-02-07,190.6999969482422,4.962299823760986
2024-02-08,188.8000030517578,4.969299793243408
2024-02-09,196.3000030517578,4.9918999671936035
2024-02-12,195.60000610351562,4.953100204467773
2024-02-13,193.0,4.952199935913086
2024-02-14,187.0500030517578,4.952000141143799
2024-02-15,189.3000030517578,4.968299865722656
2024-02-16,190.85000610351562,4.972400188446045
2024-02-20,191.60000610351562,4.956399917602539
2024-02-21,198.35000610351562,4.926400184631348
2024-02-22,193.85000610351562,4.934899806976318
2024-02-23,191.0,4.962399959564209
2024-02-26,190.10000610351562,4.993500232696533
2024-02-27,194.0500030517578,4.978899955749512
2024-02-28,193.35000610351562,4.932400226593018
2024-02-29,195.85000610351562,4.967299938201904
2024-03-01,193.8000030517578,4.969799995422363
2024-03-04,197.39999389648438,4.952700138092041
2024-03-05,195.0,4.944900035858154
2024-03-06,194.4499969482422,4.957099914550781
2024-03-07,198.35000610351562,4.943600177764893
2024-03-08,191.39999389648438,4.933800220489502
2024-03-11,194.35000610351562,4.977540016174316
2024-03-12,195.39999389648438,4.977399826049805
2024-03-13,191.64999389648438,4.968699932098389
2024-03-14,191.35000610351562,4.969200134277344
2024-03-15,182.85000610351562,4.992700099945068
2024-03-18,181.85000610351562,4.968047142028809
2024-03-19,183.0500030517578,5.029399871826172
2024-03-20,182.39999389648438,5.03000020980835
2024-03-21,185.6999969482422,4.96619987487793
2024-03-22,184.85000610351562,4.9745001792907715
2024-03-25,185.64999389648438,5.000899791717529
2024-03-26,188.0500030517578,4.9721999168396
2024-03-27,190.64999389648438,4.9756999015808105
2024-03-28,188.85000610351562,4.990300178527832
2024-04-01,191.8000030517578,5.013199806213379
2024-04-02,197.75,5.053599834442139
2024-04-03,203.60000610351562,5.0644001960754395
2024-04-04,206.75,5.038599967956543
2024-04-05,212.5,5.057400226593018
2024-04-08,211.10000610351562,5.054900169372559
2024-04-09,213.5500030517578,5.023900032043457
2024-04-10,214.64999389648438,5.007599830627441
2024-04-11,220.35000610351562,5.066199779510498
2024-04-12,224.64999389648438,5.090400218963623
2024-04-15,231.5500030517578,5.117099761962891
2024-04-16,236.75,5.183700084686279
2024-04-17,247.9499969482422,5.2855000495910645
2024-04-18,239.85000610351562,5.232600212097168
2024-04-19,241.39999389648438,5.241700172424316
2024-04-22,231.64999389648438,5.206200122833252
2024-04-23,224.5,5.1656999588012695
2024-04-24,228.4499969482422,5.130499839782715
2024-04-25,231.9499969482422,5.145500183105469
2024-04-26,230.60000610351562,5.158599853515625
2024-04-29,233.5500030517578,5.115499973297119
2024-04-30,220.64999389648438,5.117000102996826
2024-05-01,219.0500030517578,5.193900108337402
2024-05-02,208.64999389648438,5.194399833679199
2024-05-03,205.89999389648438,5.110300064086914
2024-05-06,200.6999969482422,5.070899963378906
2024-05-07,199.0,5.074900150299072
2024-05-08,200.25,5.073299884796143
2024-05-09,203.6999969482422,5.087900161743164
2024-05-10,204.39999389648438,5.1407999992370605
2024-05-13,200.39999389648438,5.123260021209717
2024-05-14,202.85000610351562,5.154200077056885
2024-05-15,201.25,5.127799987792969
2024-05-16,199.5500030517578,5.133600234985352
2024-05-17,208.14999389648438,5.128600120544434
2024-05-20,209.3000030517578,5.1020002365112305
2024-05-21,217.1999969482422,5.103099822998047
2024-05-22,220.4499969482422,5.1219000816345215
2024-05-23,215.64999389648438,5.151100158691406
2024-05-24,218.25,5.143099784851074
2024-05-28,230.9499969482422,5.1717000007629395
2024-05-29,229.4499969482422,5.161300182342529
2024-05-30,233.0,5.202099800109863
2024-05-31,222.35000610351562,5.202099800109863
2024-06-03,226.5500030517578,5.2444000244140625
2024-06-04,233.89999389648438,5.249000072479248
2024-06-05,231.9499969482422,5.287700176239014
2024-06-06,234.1999969482422,5.3003997802734375
2024-06-07,224.8000030517578,5.2571001052856445
2024-06-10,221.39999389648438,5.270441055297852
2024-06-11,220.5500030517578,5.352799892425537
2024-06-12,224.35000610351562,5.3649001121521
2024-06-13,226.0500030517578,5.401000022888184
2024-06-14,224.14999389648438,5.361599922180176
2024-06-17,227.14999389648438,5.3572001457214355
2024-06-18,226.3000030517578,5.423999786376953
2024-06-20,230.25,5.422399997711182
2024-06-21,226.5500030517578,5.452400207519531
2024-06-24,238.0,5.426126003265381
2024-06-25,231.1999969482422,5.3892998695373535
2024-06-26,226.35000610351562,5.450699806213379
2024-06-27,228.25,5.522500038146973
2024-06-28,228.9499969482422,5.500500202178955
2024-07-01,226.6999969482422,5.591899871826172
2024-07-02,229.10000610351562,5.65500020980835
2024-07-03,225.9499969482422,5.67549991607666
2024-07-05,230.3000030517578,5.486400127410889
2024-07-08,236.1999969482422,5.471290111541748
2024-07-09,252.0,5.470399856567383
2024-07-10,245.6999969482422,5.417099952697754
2024-07-11,246.75,5.414700031280518
2024-07-12,250.4499969482422,5.438000202178955
2024-07-15,244.14999389648438,5.422800064086914
2024-07-16,245.39999389648438,5.446800231933594
2024-07-17,247.35000610351562,5.424300193786621
2024-07-18,243.39999389648438,5.48769998550415
2024-07-19,238.1999969482422,5.5432000160217285
2024-07-22,243.0500030517578,5.520872116088867
2024-07-23,239.10000610351562,5.570700168609619
2024-07-24,231.14999389648438,5.585299968719482
2024-07-25,234.6999969482422,5.653600215911865
2024-07-26,230.25,5.643099784851074
2024-07-29,230.39999389648438,5.622840881347656
2024-07-30,230.8000030517578,5.614500045776367
2024-07-31,229.1999969482422,5.611100196838379
2024-08-01,227.25,5.656599998474121
2024-08-02,230.5,5.7505998611450195
2024-08-05,225.6999969482422,5.7266998291015625
2024-08-06,235.9499969482422,5.720900058746338
2024-08-07,246.3000030517578,5.6554999351501465
2024-08-08,245.3000030517578,5.635799884796143
2024-08-09,234.0500030517578,5.54610013961792
2024-08-12,240.85000610351562,5.50629997253418
2024-08-13,232.6999969482422,5.4918999671936035
2024-08-14,237.0,5.455699920654297
2024-08-15,239.89999389648438,5.468900203704834
2024-08-16,245.4499969482422,5.484899997711182
2024-08-19,245.89999389648438,5.47130012512207
2024-08-20,249.4499969482422,5.405600070953369
2024-08-21,249.4499969482422,5.478099822998047
2024-08-22,246.8000030517578,5.482500076293945
2024-08-23,251.1999969482422,5.59089994430542
2024-08-26,253.64999389648438,5.485400199890137
2024-08-27,259.3999938964844,5.495699882507324
2024-08-28,260.45001220703125,5.507900238037109
2024-08-29,251.8000030517578,5.56220006942749
2024-08-30,248.1999969482422,5.627699851989746
2024-09-03,246.75,5.615099906921387
2024-09-04,245.5500030517578,5.647500038146973
2024-09-05,246.60000610351562,5.642000198364258
2024-09-06,240.0500030517578,5.567500114440918
2024-09-09,249.4499969482422,5.59660005569458
2024-09-10,248.0,5.5843000411987305
2024-09-11,249.4499969482422,5.662899971008301
2024-09-12,252.0,5.667399883270264
2024-09-13,262.04998779296875,5.625699996948242
2024-09-16,259.04998779296875,5.612370014190674
2024-09-17,265.0,5.503900051116943
2024-09-18,263.1499938964844,5.4816999435424805
2024-09-19,261.6499938964844,5.460999965667725
2024-09-20,250.75,5.423900127410889
2024-09-23,263.6499938964844,5.513599872589111
2024-09-24,267.79998779296875,5.536099910736084
2024-09-25,269.1000061035156,5.449699878692627
2024-09-26,273.8999938964844,5.473800182342529
2024-09-27,269.1499938964844,5.436699867248535
2024-09-30,270.25,5.433199882507324
2024-10-01,264.1499938964844,5.448500156402588
2024-10-02,256.5,5.423999786376953
2024-10-03,252.0500030517578,5.440299987792969
2024-10-04,257.3500061035156,5.47629976272583
2024-10-07,244.64999389648438,5.4542999267578125
2024-10-08,248.1999969482422,5.494200229644775
2024-10-09,250.0500030517578,5.5346999168396
2024-10-10,254.75,5.596099853515625
2024-10-11,252.0500030517578,5.581699848175049
2024-10-14,262.04998779296875,5.610599994659424
2024-10-15,256.70001220703125,5.594699859619141
2024-10-16,258.0,5.6519999504089355
2024-10-17,255.14999389648438,5.668000221252441
2024-10-18,257.29998779296875,5.651800155639648
2024-10-21,251.6999969482422,5.635900020599365
2024-10-22,249.85000610351562,5.6880998611450195
2024-10-23,252.35000610351562,5.689300060272217
2024-10-24,245.4499969482422,5.686500072479248
2024-10-25,248.39999389648438,5.664000034332275
2024-10-28,252.35000610351562,5.685812950134277
2024-10-29,248.10000610351562,5.71019983291626
2024-10-30,249.60000610351562,5.760000228881836
2024-10-31,245.89999389648438,5.76230001449585
2024-11-01,242.9499969482422,5.789400100708008
2024-11-04,245.9499969482422,5.677525997161865
2024-11-05,250.14999389648438,5.790599822998047
2024-11-06,248.75,5.739799976348877
2024-11-07,260.3999938964844,5.674799919128418
2024-11-08,253.35000610351562,5.690999984741211
2024-11-11,256.20001220703125,5.736400127410889
2024-11-12,263.54998779296875,5.75540018081665
2024-11-13,271.6499938964844,5.748199939727783
2024-11-14,278.95001220703125,5.8059000968933105
2024-11-15,281.79998779296875,5.788300037384033
2024-11-18,280.75,5.794600009918213
2024-11-19,279.75,5.746399879455566
2024-11-20,295.29998779296875,5.7718000411987305
2024-11-21,298.6499938964844,5.770699977874756
2024-11-22,305.25,5.8140997886657715
2024-11-25,308.3500061035156,5.799300193786621
2024-11-26,312.1499938964844,5.7972002029418945
2024-11-27,326.1499938964844,5.809599876403809
2024-11-29,321.6499938964844,6.013899803161621
2024-12-02,299.20001220703125,5.973199844360352
2024-12-03,297.70001220703125,6.05679988861084
2024-12-04,305.95001220703125,6.043099880218506
2024-12-05,315.75,6.03879976272583
2024-12-06,332.5,6.010300159454346
2024-12-09,332.29998779296875,6.0883002281188965
2024-12-10,335.6499938964844,6.076600074768066
2024-12-11,321.70001220703125,6.045300006866455
2024-12-12,322.6000061035156,5.952700138092041
2024-12-13,320.8500061035156,5.996099948883057
2024-12-16,328.75,6.040900230407715
2024-12-17,325.45001220703125,6.147299766540527
2024-12-18,333.1499938964844,6.1031999588012695
2024-12-19,323.75,6.288899898529053
2024-12-20,325.0,6.151599884033203
2024-12-23,327.25,6.084199905395508
2024-12-24,328.6000061035156,6.193900108337402
2024-12-26,324.6499938964844,6.182799816131592
2024-12-27,322.6499938964844,6.148499965667725
2024-12-30,321.0,6.193699836730957
2024-12-31,319.75,6.1778998374938965
2025-01-02,326.8500061035156,6.300000190734863
2025-01-03,318.6499938964844,6.151000022888184
2025-01-06,318.6000061035156,6.180699825286865
2025-01-07,320.5,6.115499973297119
2025-01-08,316.45001220703125,6.100900173187256
2025-01-09,318.5,6.105800151824951
2025-01-10,323.8500061035156,6.034599781036377
2025-01-13,325.95001220703125,6.105899810791016
2025-01-14,321.95001220703125,6.093400001525879
2025-01-15,330.45001220703125,6.054800033569336
2025-01-16,327.1499938964844,6.012199878692627
2025-01-17,328.3500061035156,6.049900054931641
2025-01-21,327.79998779296875,6.029799938201904
2025-01-22,341.8500061035156,6.020500183105469
2025-01-23,343.95001220703125,5.940299987792969
2025-01-24,347.54998779296875,5.923999786376953
2025-01-27,349.20001220703125,5.90910005569458
2025-01-28,357.5,5.892600059509277
2025-01-29,366.54998779296875,5.856100082397461
2025-01-30,373.3999938964844,5.8566999435424805
2025-01-31,377.8500061035156,5.874499797821045
2025-02-03,380.8999938964844,5.84060001373291
2025-02-04,383.3500061035156,5.80620002746582
2025-02-05,397.75,5.7571001052856445
2025-02-06,403.95001220703125,5.8028998374938965
2025-02-07,404.3500061035156,5.760499954223633
2025-02-10,429.04998779296875,5.803199768066406
2025-02-11,413.45001220703125,5.786900043487549
2025-02-12,431.79998779296875,5.764500141143799
2025-02-13,438.8999938964844,5.764400005340576
2025-02-14,419.75,5.766900062561035
2025-02-18,419.0,5.712100028991699
2025-02-19,417.8999938964844,5.688600063323975
2025-02-20,395.75,5.720300197601318
2025-02-21,400.0,5.701300144195557
2025-02-24,393.79998779296875,5.730999946594238
2025-02-25,380.5,5.7778000831604
2025-02-26,379.45001220703125,5.740300178527832
2025-02-27,378.75,5.801700115203857
2025-02-28,379.04998779296875,5.839000225067139
2025-03-03,392.70001220703125,5.88040018081665
2025-03-04,403.75,6.020500183105469
2025-03-05,415.5,5.885700225830078
2025-03-06,393.0,5.740099906921387
2025-03-07,390.20001220703125,5.763000011444092
2025-03-10,389.3500061035156,5.782899856567383
2025-03-11,399.45001220703125,5.85290002822876
2025-03-12,392.20001220703125,5.808599948883057
2025-03-13,390.6000061035156,5.797800064086914
2025-03-14,382.1000061035156,5.798500061035156
2025-03-17,389.3500061035156,5.740600109100342
2025-03-18,387.1499938964844,5.678069114685059
2025-03-19,394.6000061035156,5.672100067138672
2025-03-20,392.1499938964844,5.648099899291992
2025-03-21,391.3999938964844,5.673900127410889
2025-03-24,393.3999938964844,5.729599952697754
2025-03-25,398.54998779296875,5.760799884796143
2025-03-26,392.0,5.698400020599365
2025-03-27,378.79998779296875,5.733500003814697
2025-03-28,379.95001220703125,5.739299774169922
2025-03-31,379.75,5.7581000328063965
2025-04-01,389.04998779296875,5.698400020599365
2025-04-02,388.8500061035156,5.681300163269043
2025-04-03,385.25,5.663700103759766
2025-04-04,365.70001220703125,5.6305999755859375
2025-04-07,344.79998779296875,5.840030193328857
2025-04-08,342.8999938964844,5.913599967956543
2025-04-09,341.70001220703125,6.013299942016602
2025-04-10,342.8500061035156,5.8180999755859375
2025-04-11,357.70001220703125,5.884300231933594
2025-04-14,360.3999938964844,5.864200115203857
2025-04-15,369.3999938964844,5.8541998863220215
2025-04-16,376.04998779296875,5.8846001625061035
2025-04-17,375.5,5.8653998374938965
2025-04-21,366.79998779296875,5.8653998374938965
2025-04-22,377.6499938964844,5.80709981918335
2025-04-23,392.3999938964844,5.719900131225586
2025-04-24,408.0,5.703400135040283
2025-04-25,408.25,5.678699970245361
2025-04-28,421.54998779296875,5.684700012207031
2025-04-29,412.6499938964844,5.652900218963623
2025-04-30,413.6000061035156,5.619999885559082
2025-05-01,395.70001220703125,5.672900199890137
2025-05-02,395.3999938964844,5.67710018157959
2025-05-05,398.95001220703125,5.666900157928467
2025-05-06,401.1000061035156,5.686299800872803
2025-05-07,396.20001220703125,5.712800025939941
2025-05-08,397.79998779296875,5.74459981918335
2025-05-09,397.1499938964844,5.661600112915039
2025-05-12,382.45001220703125,5.648200035095215
2025-05-13,384.8500061035156,5.6697998046875
2025-05-14,373.95001220703125,5.60046911239624
2025-05-15,384.95001220703125,5.636499881744385
2025-05-16,376.25,5.681300163269043
2025-05-19,376.1499938964844,5.6586737632751465
2025-05-20,369.29998779296875,5.644499778747559
2025-05-21,370.29998779296875,5.667300224304199
2025-05-22,360.75,5.644700050354004
2025-05-23,361.0,5.71619987487793
2025-05-27,361.70001220703125,5.666600227355957
2025-05-28,351.95001220703125,5.637400150299072
2025-05-29,348.3999938964844,5.688700199127197
2025-05-30,342.45001220703125,5.66510009765625
2025-06-02,344.45001220703125,5.720799922943115
2025-06-03,340.8500061035156,5.672399997711182
2025-06-04,346.1499938964844,5.637800216674805
2025-06-05,359.75,5.6321001052856445
2025-06-06,358.04998779296875,5.58459997177124
2025-06-09,361.54998779296875,5.562699794769287
2025-06-10,355.04998779296875,5.557000160217285
2025-06-11,350.6499938964844,5.5721001625061035
2025-06-12,347.79998779296875,5.535799980163574
2025-06-13,349.70001220703125,5.537300109863281
2025-06-16,343.95001220703125,5.538899898529053
2025-06-17,335.8500061035156,5.490799903869629
2025-06-18,324.8999938964844,5.493000030517578
2025-06-20,319.04998779296875,5.489999771118164
2025-06-23,330.29998779296875,5.518400192260742
2025-06-24,315.3500061035156,5.493800163269043
2025-06-25,308.6499938964844,5.510300159454346
2025-06-26,309.5,5.5578999519348145
2025-06-27,309.8999938964844,5.477099895477295
2025-06-30,306.75,5.478400230407715
2025-07-01,298.8500061035156,5.430200099945068
2025-07-02,297.95001220703125,5.458799839019775
2025-07-03,292.6499938964844,5.426400184631348
2025-07-04,292.6499938964844,5.409299850463867
2025-07-07,280.04998779296875,5.419400215148926
2025-07-08,287.3999938964844,5.48769998550415
2025-07-09,285.8500061035156,5.446100234985352
2025-07-10,289.8999938964844,5.5817999839782715
2025-07-11,288.6000061035156,5.531099796295166
2025-07-14,305.70001220703125,5.571899890899658
2025-07-15,301.6000061035156,5.586999893188477
2025-07-16,314.54998779296875,5.5510029792785645
2025-07-17,312.5,5.5665998458862305
2025-07-18,308.8999938964844,5.546599864959717
2025-07-21,297.25,5.578100204467773
2025-07-22,296.3500061035156,5.565499782562256
2025-07-23,301.3500061035156,5.563899993896484
2025-07-24,304.8500061035156,5.51639986038208
2025-07-25,297.54998779296875,5.519999980926514
2025-07-28,301.70001220703125,5.565199851989746
2025-07-29,296.5,5.5868000984191895
2025-07-30,293.3999938964844,5.573200225830078
2025-07-31,295.79998779296875,5.575399875640869
2025-08-01,284.20001220703125,5.598800182342529
2025-08-04,288.54998779296875,5.537899971008301
2025-08-05,298.70001220703125,5.496099948883057
2025-08-06,293.3999938964844,5.502999782562256
2025-08-07,297.79998779296875,5.458899974822998
2025-08-08,309.3500061035156,5.414299964904785
2025-08-11,320.70001220703125,5.432300090789795
2025-08-12,315.1499938964844,5.442299842834473
2025-08-13,319.6000061035156,5.401199817657471
2025-08-14,326.5,5.391200065612793
2025-08-15,341.6499938964844,5.40910005569458
2025-08-18,343.6000061035156,5.400400161743164
2025-08-19,356.20001220703125,5.435699939727783
2025-08-20,360.25,5.497600078582764
2025-08-21,375.25,5.469161033630371
2025-08-22,390.6499938964844,5.464799880981445
2025-08-25,389.95001220703125,5.421299934387207
2025-08-26,384.04998779296875,5.4096999168396
2025-08-27,393.79998779296875,5.43120002746582
2025-08-28,387.75,5.417699813842773
2025-08-29,396.8500061035156,5.413000106811523
2025-09-02,382.20001220703125,5.438399791717529
2025-09-03,385.25,5.4670000076293945
2025-09-04,385.75,5.4481000900268555
2025-09-05,385.6000061035156,5.443999767303467
2025-09-08,397.79998779296875,5.412199974060059
2025-09-09,393.0,5.420300006866455
2025-09-10,401.0,5.433599948883057
2025-09-11,400.04998779296875,5.4019999504089355
2025-09-12,410.6499938964844,5.388199806213379
2025-09-15,432.3500061035156,5.35099983215332
2025-09-16,422.25,5.315199851989746
2025-09-17,388.54998779296875,5.29580020904541
2025-09-18,385.8500061035156,5.310100078582764
2025-09-19,366.5,5.304299831390381
2025-09-22,367.3500061035156,5.320499897003174
2025-09-23,350.1499938964844,5.3343000411987305
2025-09-24,367.75,5.281599998474121
2025-09-25,371.3500061035156,5.329899787902832
2025-09-26,378.04998779296875,5.363699913024902
2025-09-29,372.20001220703125,5.3422532081604
2025-09-30,374.8500061035156,5.321700096130371
2025-10-01,383.8999938964844,5.319499969482422
2025-10-02,378.1000061035156,5.328800201416016
2025-10-03,390.75,5.336599826812744
2025-10-06,381.3500061035156,5.33459997177124
2025-10-07,375.3999938964844,5.311200141906738
2025-10-08,385.1000061035156,5.353799819946289
2025-10-09,377.25,5.33519983291626
2025-10-10,373.04998779296875,5.377200126647949
2025-10-13,385.20001220703125,5.5229997634887695
2025-10-14,399.6499938964844,5.464099884033203
2025-10-15,394.8999938964844,5.481500148773193
2025-10-16,393.79998779296875,5.4492998123168945
2025-10-17,397.45001220703125,5.440814971923828
2025-10-20,406.04998779296875,5.406099796295166
2025-10-21,413.54998779296875,5.36870002746582
2025-10-22,420.8500061035156,5.38670015335083
2025-10-23,410.1499938964844,5.399400234222412
2025-10-24,403.0,5.382900238037109
2025-10-27,390.1000061035156,5.388299942016602
2025-10-28,387.8999938964844,5.373300075531006
2025-10-29,390.70001220703125,5.357399940490723
2025-10-30,392.0,5.357800006866455
2025-10-31,392.04998779296875,5.381999969482422
2025-11-03,406.6499938964844,5.374599933624268
2025-11-04,405.25,5.354899883270264
2025-11-05,413.6000061035156,5.395899772644043
2025-11-06,396.75,5.35860013961792
2025-11-07,407.79998779296875,5.3495001792907715
2025-11-10,414.75,5.330900192260742
2025-11-11,422.70001220703125,5.289700031280518
2025-11-12,403.6499938964844,5.270699977874756
2025-11-13,401.70001220703125,5.291299819946289
2025-11-14,399.79998779296875,5.296500205993652
2025-11-17,402.54998779296875,5.295599937438965
2025-11-18,415.3500061035156,5.329500198364258
2025-11-19,404.5,5.321499824523926
2025-11-20,406.5,5.32859992980957
2025-11-21,400.0,5.332300186157227
2025-11-24,407.45001220703125,5.402100086212158
2025-11-25,414.20001220703125,5.3867998123168945
2025-11-26,411.5,5.37939977645874
2025-11-28,413.0,5.355400085449219
2025-12-01,411.5,5.335400104522705
2025-12-02,405.54998779296875,5.355800151824951
2025-12-03,403.75,5.326300144195557
2025-12-04,411.95001220703125,5.306099891662598
2025-12-05,406.25,5.309299945831299
2025-12-08,396.04998779296875,5.4380998611450195
2025-12-09,394.20001220703125,5.429999828338623
2025-12-10,400.79998779296875,5.43149995803833
2025-12-11,405.45001220703125,5.469799995422363
2025-12-12,397.20001220703125,5.4054999351501465
2025-12-15,387.70001220703125,5.4182000160217285
2025-12-16,379.29998779296875,5.413400173187256
2025-12-17,351.8999938964844,5.507500171661377
2025-12-18,345.45001220703125,5.518499851226807
2025-12-19,340.6499938964844,5.521299839019775
2025-12-22,347.3500061035156,5.53980016708374
2025-12-23,346.95001220703125,5.590000152587891
2025-12-24,345.1499938964844,5.518499851226807
2025-12-26,350.25,5.519499778747559
2025-12-29,352.1499938964844,5.542500019073486
2025-12-30,350.20001220703125,5.5690999031066895
